id,name,model_id:id,group_id:id,perm_read,perm_write,perm_create,perm_unlink
access_product_material,sale_pricelist.product.material,model_product_material,base.group_user,1,1,1,1
access_product_channel,sale_pricelist.product.channel,model_product_channel,base.group_user,1,1,1,1
access_product_jet,sale_pricelist.product.jet,model_product_jet,base.group_user,1,1,1,1
access_product_symmetry,sale_pricelist.product.symmetry,model_product_symmetry,base.group_user,1,1,1,1
access_product_equipment,sale_pricelist.product.equipment,model_product_equipment,base.group_user,1,1,1,1
access_product_type,sale_pricelist.product.type,model_product_type,base.group_user,1,1,1,1
