<?xml version="1.0" encoding="utf-8"?>
<odoo>

            <record model="ir.module.category" id="purchase_management">
             <field name="name">Purchase access</field>
             <field name="description">User access level for purchase module</field>
             <field name="sequence">10</field>
        </record>

   <record id="purchase_order_admin" model="res.groups">
        <field name="name">Purchase Admin</field>
       <field name="category_id" ref="purchase_management"/>
   </record>
</odoo>
