<?xml version="1.0" encoding="UTF-8" ?>
<odoo><data >


       <record  id="ir_cron_send_product_delivery_mail" model="ir.cron">
        <field name="name">Partially received purchase order</field>
        <field name="model_id" ref="stotz_po.model_purchase_order"/>
        <field name="state">code</field>
        <field name="code">model.send_partially_received_emails()</field>
        <field name="user_id" ref="base.user_root"/>
        <field name="interval_number">1</field>
        <field name="interval_type">hours</field>
<!--&lt;!&ndash;        <field name="numbercall">-1</field>&ndash;&gt;  comment this out since odoo18 not supporting this field-->
    </record>
</data></odoo>
