<?xml version="1.0" encoding="utf-8"?>
<odoo>
    <!--          <data noupdate="0">-->
    <!--            <record model="ir.rule" id="user_level_lead_visibility_rule">-->
    <!--                <field name="name">User Level Lead Visibility Rule</field>-->
    <!--                <field name="model_id" ref="model_crm_lead"/>-->
    <!--                <field name="domain_force">[('user_id','=',user.id)] if user.lead_visibility != 'all' else []</field>-->
    <!--                <field name="perm_read" eval="True"/>-->
    <!--                <field name="perm_write" eval="True"/>-->
    <!--                <field name="perm_create" eval="True"/>-->
    <!--                <field name="perm_unlink" eval="True"/>-->
    <!--            </record>-->
    <!--        </data>-->
    <!--<data noupdate="1">-->

    <!--    <record id="user_level_lead_visibility_rule" model="ir.rule">-->
    <!--        <field name="name">User Level Lead Visibility</field>-->
    <!--        <field name="model_id" ref="model_crm_lead"/>-->
    <!--        <field name="domain_force">[('user_id','=',user.id)] if user.lead_visibility != 'all' else []</field>-->
    <!--    </record>-->
    <!--</data>-->

    <!--    <record id="user_crm_lead_all" model="ir.rule">-->
    <!--        <field name="name">User access for crm lead and opp</field>-->
    <!--        <field name="model_id" ref="model_crm_lead"/>-->
    <!--        <field name="domain_force">[('user_id','=',user.id)] if user.lead_visibility != 'all' else []</field>-->
    <!--    </record>-->
    <!--    <data noupdate="0">-->

    <!--        <record id="user_level_lead_visibility_rule" model="ir.rule">-->
    <!--            <field name="name">User Level Lead Visibility</field>-->
    <!--            <field name="model_id" ref="model_crm_lead"/>-->
    <!--            <field name="domain_force" eval="get_lead_visibility_domain()"/>-->
    <!--        </record>-->
    <!--    </data>-->

<!--    <record model="ir.rule" id="rule_lead_visibility">-->
<!--        <field name="name">Lead Visibility Rule</field>-->
<!--        <field name="model_id" ref="model_crm_lead"/>-->

<!--&lt;!&ndash;        <field name="domain_force">&ndash;&gt;-->
<!--&lt;!&ndash;            [('user_id', '=', user.id)] | ['user_lead_visibility', '=', 'all']&ndash;&gt;-->
<!--&lt;!&ndash;        </field>&ndash;&gt;-->
<!--        <field name="groups_id" eval="[(4, -1, 0)]"/>-->

<!--    </record>-->

</odoo>
